provider,lat,lon,num_stops_per_week,score
Chatham Area Transit,32.07708,-81.09034,171,1
Chatham Area Transit,32.07314,-81.09206,171,1
Chatham Area Transit,32.06288,-81.09555,159,1
Chatham Area Transit,32.00252,-81.11423,470,2
Chatham Area Transit,31.98903,-81.13098,159,1
Chatham Area Transit,32.06262,-81.09561,175,1
Chatham Area Transit,32.12075,-81.19533,71,1
Chatham Area Transit,32.13583,-81.21021,82,1
Chatham Area Transit,32.14631,-81.17772,73,1
Chatham Area Transit,32.07837,-81.08982,179,1
Chatham Area Transit,32.08836,-81.11855,47,1
Chatham Area Transit,32.08881,-81.12019,106,1
Chatham Area Transit,32.0898,-81.12383,106,1
Chatham Area Transit,32.09035,-81.12573,59,1
Chatham Area Transit,32.12548,-81.16937,73,1
Chatham Area Transit,32.1197,-81.18953,71,1
Chatham Area Transit,32.12032,-81.19445,71,1
Chatham Area Transit,32.13888,-81.23312,41,1
Chatham Area Transit,32.13924,-81.23354,73,1
Chatham Area Transit,32.1538,-81.22154,73,1
Chatham Area Transit,32.12556,-81.16973,71,1
Chatham Area Transit,32.10469,-81.1512,79,1
Chatham Area Transit,32.103,-81.14863,79,1
Chatham Area Transit,32.16321,-81.20724,73,1
Chatham Area Transit,32.16405,-81.19361,73,1
Chatham Area Transit,32.15733,-81.21199,73,1
Chatham Area Transit,32.15642,-81.21389,73,1
Chatham Area Transit,32.15221,-81.22665,73,1
Chatham Area Transit,32.13873,-81.23319,112,1
Chatham Area Transit,32.14122,-81.20355,71,1
Chatham Area Transit,32.14014,-81.19088,71,1
Chatham Area Transit,32.11974,-81.18996,71,1
Chatham Area Transit,32.12645,-81.17569,71,1
Chatham Area Transit,32.09154,-81.11482,106,1
Chatham Area Transit,32.10566,-81.15127,73,1
Chatham Area Transit,32.09559,-81.14459,83,1
Chatham Area Transit,32.09462,-81.13596,163,1
Chatham Area Transit,32.08004,-81.11269,163,1
Chatham Area Transit,32.08019,-81.11316,164,1
Chatham Area Transit,32.09349,-81.12009,103,1
Chatham Area Transit,32.10685,-81.14927,73,1
Chatham Area Transit,32.09279,-81.14942,83,1
Chatham Area Transit,32.10123,-81.15032,166,1
Chatham Area Transit,32.07758,-81.09841,390,2
Chatham Area Transit,32.07623,-81.09895,390,2
Chatham Area Transit,32.07847,-81.10885,164,1
Chatham Area Transit,32.0784,-81.10867,163,1
Chatham Area Transit,32.07896,-81.1105,164,1
Chatham Area Transit,32.08051,-81.11441,164,1
Chatham Area Transit,32.08093,-81.11582,164,1
Chatham Area Transit,32.08192,-81.11725,164,1
Chatham Area Transit,32.08311,-81.11885,164,1
Chatham Area Transit,32.08449,-81.12083,164,1
Chatham Area Transit,32.08573,-81.12264,164,1
Chatham Area Transit,32.08655,-81.12385,164,1
Chatham Area Transit,32.08739,-81.12512,164,1
Chatham Area Transit,32.08854,-81.12681,164,1
Chatham Area Transit,32.094,-81.12426,103,1
Chatham Area Transit,32.09218,-81.12149,103,1
Chatham Area Transit,32.09508,-81.12246,103,1
Chatham Area Transit,32.09589,-81.12365,127,1
Chatham Area Transit,32.08951,-81.11559,106,1
Chatham Area Transit,32.09133,-81.12903,71,1
Chatham Area Transit,32.09218,-81.13222,164,1
Chatham Area Transit,32.09325,-81.13765,83,1
Chatham Area Transit,32.09058,-81.14081,83,1
Chatham Area Transit,32.0904,-81.13998,83,1
Chatham Area Transit,32.08998,-81.13873,83,1
Chatham Area Transit,32.0899,-81.14163,83,1
Chatham Area Transit,32.09028,-81.14311,83,1
Chatham Area Transit,32.09122,-81.1467,83,1
Chatham Area Transit,32.0908,-81.13013,81,1
Chatham Area Transit,32.09399,-81.14735,83,1
Chatham Area Transit,32.09588,-81.14506,83,1
Chatham Area Transit,32.09704,-81.14614,83,1
Chatham Area Transit,32.09833,-81.14752,83,1
Chatham Area Transit,32.09972,-81.14899,83,1
Chatham Area Transit,32.09359,-81.13431,164,1
Chatham Area Transit,32.10289,-81.14868,83,1
Chatham Area Transit,32.10119,-81.14621,162,1
Chatham Area Transit,32.09458,-81.13581,164,1
Chatham Area Transit,32.09694,-81.14262,162,1
Chatham Area Transit,32.0961,-81.1382,162,1
Chatham Area Transit,32.09361,-81.13442,84,1
Chatham Area Transit,32.09613,-81.13811,81,1
Chatham Area Transit,32.0971,-81.13956,81,1
Chatham Area Transit,32.10445,-81.14452,81,1
Chatham Area Transit,32.10284,-81.14347,81,1
Chatham Area Transit,32.0945,-81.13607,83,1
Chatham Area Transit,32.0935,-81.13429,79,1
Chatham Area Transit,32.09224,-81.13239,163,1
Chatham Area Transit,32.08838,-81.12663,163,1
Chatham Area Transit,32.08733,-81.1251,163,1
Chatham Area Transit,32.0866,-81.124,163,1
Chatham Area Transit,32.08592,-81.12299,163,1
Chatham Area Transit,32.08464,-81.1211,163,1
Chatham Area Transit,32.08341,-81.11937,163,1
Chatham Area Transit,32.08218,-81.11764,163,1
Chatham Area Transit,32.08103,-81.11606,163,1
Chatham Area Transit,32.08054,-81.11463,163,1
Chatham Area Transit,32.0789,-81.11048,163,1
Chatham Area Transit,32.07715,-81.10382,163,1
Chatham Area Transit,32.07583,-81.09893,560,2
Chatham Area Transit,32.06322,-81.10032,72,1
Chatham Area Transit,32.02569,-81.11225,72,1
Chatham Area Transit,32.0057,-81.11766,113,1
Chatham Area Transit,32.02593,-81.11319,72,1
Chatham Area Transit,32.06288,-81.10042,72,1
Chatham Area Transit,32.07499,-81.09494,155,1
Chatham Area Transit,32.07284,-81.09299,294,1
Chatham Area Transit,32.07285,-81.09546,365,1
Chatham Area Transit,32.07063,-81.09631,293,1
Chatham Area Transit,32.06904,-81.09814,72,1
Chatham Area Transit,32.06714,-81.09885,72,1
Chatham Area Transit,32.0656,-81.09944,72,1
Chatham Area Transit,32.06406,-81.10001,72,1
Chatham Area Transit,32.06117,-81.10107,72,1
Chatham Area Transit,32.05952,-81.10168,72,1
Chatham Area Transit,32.05792,-81.10225,72,1
Chatham Area Transit,32.05543,-81.10316,72,1
Chatham Area Transit,32.05303,-81.10404,72,1
Chatham Area Transit,32.05038,-81.105,72,1
Chatham Area Transit,32.04799,-81.10587,72,1
Chatham Area Transit,32.04648,-81.1064,72,1
Chatham Area Transit,32.04692,-81.10851,72,1
Chatham Area Transit,32.04578,-81.1091,72,1
Chatham Area Transit,32.04299,-81.11018,72,1
Chatham Area Transit,32.04139,-81.11083,72,1
Chatham Area Transit,32.0401,-81.11131,72,1
Chatham Area Transit,32.03666,-81.11262,72,1
Chatham Area Transit,32.03496,-81.11326,72,1
Chatham Area Transit,32.03387,-81.11459,87,1
Chatham Area Transit,32.03425,-81.11602,87,1
Chatham Area Transit,32.03445,-81.11727,87,1
Chatham Area Transit,32.03594,-81.12244,87,1
Chatham Area Transit,32.03645,-81.12408,87,1
Chatham Area Transit,32.03693,-81.12588,87,1
Chatham Area Transit,32.03506,-81.12512,87,1
Chatham Area Transit,32.0359,-81.1227,87,1
Chatham Area Transit,32.03525,-81.12008,87,1
Chatham Area Transit,32.03417,-81.11616,87,1
Chatham Area Transit,32.03264,-81.11415,72,1
Chatham Area Transit,32.03093,-81.11483,72,1
Chatham Area Transit,32.02873,-81.11693,72,1
Chatham Area Transit,32.02807,-81.11878,72,1
Chatham Area Transit,32.02717,-81.11866,72,1
Chatham Area Transit,32.02667,-81.1163,72,1
Chatham Area Transit,32.02605,-81.11373,72,1
Chatham Area Transit,32.02287,-81.11292,72,1
Chatham Area Transit,32.02056,-81.11368,72,1
Chatham Area Transit,32.01481,-81.11563,72,1
Chatham Area Transit,32.01077,-81.11689,72,1
Chatham Area Transit,32.00476,-81.11434,409,2
Chatham Area Transit,32.00415,-81.11076,171,1
Chatham Area Transit,32.00673,-81.10984,171,1
Chatham Area Transit,32.0095,-81.11208,72,1
Chatham Area Transit,32.01066,-81.1164,72,1
Chatham Area Transit,32.01417,-81.11583,72,1
Chatham Area Transit,32.02012,-81.11378,72,1
Chatham Area Transit,32.0226,-81.11297,72,1
Chatham Area Transit,32.02669,-81.11625,72,1
Chatham Area Transit,32.07518,-81.09458,293,1
Chatham Area Transit,32.02724,-81.1186,72,1
Chatham Area Transit,32.02769,-81.12003,72,1
Chatham Area Transit,32.02799,-81.11811,72,1
Chatham Area Transit,32.03053,-81.11471,72,1
Chatham Area Transit,32.03196,-81.11412,72,1
Chatham Area Transit,32.03579,-81.1268,87,1
Chatham Area Transit,32.0763,-81.09048,175,1
Chatham Area Transit,32.03613,-81.11247,72,1
Chatham Area Transit,32.04001,-81.11131,72,1
Chatham Area Transit,32.04115,-81.11089,72,1
Chatham Area Transit,32.0428,-81.11022,72,1
Chatham Area Transit,32.04493,-81.10938,72,1
Chatham Area Transit,32.04718,-81.10849,220,1
Chatham Area Transit,32.04816,-81.10573,72,1
Chatham Area Transit,32.05,-81.10509,72,1
Chatham Area Transit,32.05276,-81.10405,72,1
Chatham Area Transit,32.05499,-81.10326,72,1
Chatham Area Transit,32.05756,-81.10234,72,1
Chatham Area Transit,32.05912,-81.10179,72,1
Chatham Area Transit,32.06081,-81.10116,72,1
Chatham Area Transit,32.06375,-81.10008,72,1
Chatham Area Transit,32.06518,-81.09953,72,1
Chatham Area Transit,32.06678,-81.09895,72,1
Chatham Area Transit,32.06857,-81.09827,72,1
Chatham Area Transit,32.07052,-81.09756,72,1
Chatham Area Transit,32.07221,-81.09918,72,1
Chatham Area Transit,31.98893,-81.08127,387,2
Chatham Area Transit,31.9961,-81.14994,69,1
Chatham Area Transit,31.98453,-81.17292,458,2
Chatham Area Transit,31.97135,-81.24501,69,1
Chatham Area Transit,31.99854,-81.25792,284,1
Chatham Area Transit,31.98981,-81.07796,210,1
Chatham Area Transit,31.99359,-81.07813,210,1
Chatham Area Transit,31.99698,-81.07813,210,1
Chatham Area Transit,31.99893,-81.07774,129,1
Chatham Area Transit,32.00064,-81.07919,81,1
Chatham Area Transit,32.00234,-81.0855,127,1
Chatham Area Transit,32.00319,-81.08796,46,1
Chatham Area Transit,32.00388,-81.09048,127,1
Chatham Area Transit,32.00535,-81.09613,46,1
Chatham Area Transit,32.00638,-81.10006,46,1
Chatham Area Transit,32.00679,-81.10155,112,1
Chatham Area Transit,32.0073,-81.10341,112,1
Chatham Area Transit,32.00654,-81.11001,205,1
Chatham Area Transit,32.00532,-81.11043,205,1
Chatham Area Transit,32.00445,-81.11073,205,1
Chatham Area Transit,31.99849,-81.11438,136,1
Chatham Area Transit,31.9969,-81.11695,73,1
Chatham Area Transit,31.99746,-81.11896,73,1
Chatham Area Transit,31.9978,-81.1202,69,1
Chatham Area Transit,31.99829,-81.12207,69,1
Chatham Area Transit,31.99865,-81.12387,69,1
Chatham Area Transit,31.99917,-81.12654,69,1
Chatham Area Transit,32.00003,-81.12976,69,1
Chatham Area Transit,32.00047,-81.13195,69,1
Chatham Area Transit,32.00237,-81.14006,69,1
Chatham Area Transit,32.00087,-81.14477,69,1
Chatham Area Transit,31.99772,-81.14798,69,1
Chatham Area Transit,31.99498,-81.15149,69,1
Chatham Area Transit,31.99281,-81.15451,69,1
Chatham Area Transit,31.991,-81.15589,69,1
Chatham Area Transit,31.988,-81.15832,69,1
Chatham Area Transit,31.98619,-81.16033,69,1
Chatham Area Transit,31.98224,-81.16863,228,1
Chatham Area Transit,31.985,-81.16951,228,1
Chatham Area Transit,31.98467,-81.16821,136,1
Chatham Area Transit,31.98694,-81.21576,136,1
Chatham Area Transit,31.98875,-81.21262,136,1
Chatham Area Transit,31.98913,-81.21199,136,1
Chatham Area Transit,31.98712,-81.21554,136,1
Chatham Area Transit,31.98511,-81.21933,69,1
Chatham Area Transit,31.98377,-81.22188,69,1
Chatham Area Transit,31.98278,-81.22371,69,1
Chatham Area Transit,31.97814,-81.22754,69,1
Chatham Area Transit,31.97552,-81.22733,69,1
Chatham Area Transit,31.97208,-81.22736,69,1
Chatham Area Transit,31.96937,-81.23652,69,1
Chatham Area Transit,31.96943,-81.23302,69,1
Chatham Area Transit,31.96967,-81.24388,69,1
Chatham Area Transit,31.97305,-81.24615,69,1
Chatham Area Transit,31.97978,-81.25334,69,1
Chatham Area Transit,31.98061,-81.25526,69,1
Chatham Area Transit,31.98269,-81.25747,69,1
Chatham Area Transit,31.98646,-81.25701,69,1
Chatham Area Transit,31.99247,-81.25724,69,1
Chatham Area Transit,31.9972,-81.25952,69,1
Chatham Area Transit,31.99253,-81.25728,67,1
Chatham Area Transit,31.98656,-81.25703,67,1
Chatham Area Transit,31.98285,-81.25749,67,1
Chatham Area Transit,31.98056,-81.25525,67,1
Chatham Area Transit,31.97653,-81.24854,67,1
Chatham Area Transit,31.97164,-81.24525,67,1
Chatham Area Transit,31.97003,-81.24416,67,1
Chatham Area Transit,31.96942,-81.2329,67,1
Chatham Area Transit,31.96934,-81.23623,67,1
Chatham Area Transit,31.97164,-81.22737,67,1
Chatham Area Transit,31.976,-81.22733,67,1
Chatham Area Transit,31.97794,-81.22749,67,1
Chatham Area Transit,31.98063,-81.22608,67,1
Chatham Area Transit,31.98258,-81.22368,67,1
Chatham Area Transit,31.98364,-81.22174,67,1
Chatham Area Transit,31.98571,-81.21781,67,1
Chatham Area Transit,31.98443,-81.16223,67,1
Chatham Area Transit,31.98605,-81.1604,67,1
Chatham Area Transit,31.98798,-81.15829,67,1
Chatham Area Transit,31.98968,-81.15688,67,1
Chatham Area Transit,31.99142,-81.15552,67,1
Chatham Area Transit,31.9949,-81.15157,67,1
Chatham Area Transit,31.99782,-81.1478,67,1
Chatham Area Transit,32.00083,-81.14476,67,1
Chatham Area Transit,32.00238,-81.14021,67,1
Chatham Area Transit,32.00196,-81.13836,67,1
Chatham Area Transit,32.00069,-81.13303,67,1
Chatham Area Transit,32.00037,-81.13162,67,1
Chatham Area Transit,31.99991,-81.1295,67,1
Chatham Area Transit,31.99949,-81.12804,67,1
Chatham Area Transit,31.99892,-81.12577,67,1
Chatham Area Transit,31.99858,-81.12421,67,1
Chatham Area Transit,31.99772,-81.12004,67,1
Chatham Area Transit,31.99745,-81.11906,70,1
Chatham Area Transit,31.99721,-81.11479,84,1
Chatham Area Transit,32.0015,-81.11321,165,1
Chatham Area Transit,32.00263,-81.11227,84,1
Chatham Area Transit,32.00863,-81.1093,202,1
Chatham Area Transit,32.00824,-81.10738,130,1
Chatham Area Transit,32.00736,-81.10384,130,1
Chatham Area Transit,32.00677,-81.1016,130,1
Chatham Area Transit,32.00533,-81.10142,3,1
Chatham Area Transit,32.00257,-81.10241,3,1
Chatham Area Transit,31.99562,-81.10503,3,1
Chatham Area Transit,31.99232,-81.09855,63,1
Chatham Area Transit,31.99167,-81.09585,63,1
Chatham Area Transit,31.99035,-81.09053,63,1
Chatham Area Transit,31.99028,-81.08779,63,1
Chatham Area Transit,32.07414,-81.09132,171,1
Chatham Area Transit,32.07191,-81.09216,171,1
Chatham Area Transit,32.07089,-81.09298,171,1
Chatham Area Transit,32.06867,-81.0934,12,1
Chatham Area Transit,32.06769,-81.09374,171,1
Chatham Area Transit,32.06586,-81.09441,171,1
Chatham Area Transit,32.0642,-81.09507,171,1
Chatham Area Transit,32.05979,-81.09671,171,1
Chatham Area Transit,32.05815,-81.09732,171,1
Chatham Area Transit,32.05654,-81.09787,171,1
Chatham Area Transit,32.05492,-81.09844,171,1
Chatham Area Transit,32.04888,-81.10081,159,1
Chatham Area Transit,32.04594,-81.10186,159,1
Chatham Area Transit,32.04369,-81.10266,159,1
Chatham Area Transit,32.03936,-81.10423,159,1
Chatham Area Transit,32.03548,-81.10567,159,1
Chatham Area Transit,32.03343,-81.10644,159,1
Chatham Area Transit,32.03066,-81.10742,159,1
Chatham Area Transit,32.02832,-81.10825,159,1
Chatham Area Transit,32.02665,-81.10886,159,1
Chatham Area Transit,32.02195,-81.11061,159,1
Chatham Area Transit,32.01996,-81.11127,159,1
Chatham Area Transit,32.01714,-81.11224,159,1
Chatham Area Transit,32.01276,-81.11369,159,1
Chatham Area Transit,32.00996,-81.11464,159,1
Chatham Area Transit,32.00059,-81.11969,159,1
Chatham Area Transit,32.00331,-81.12314,159,1
Chatham Area Transit,32.00237,-81.12518,159,1
Chatham Area Transit,31.99847,-81.12771,159,1
Chatham Area Transit,31.99396,-81.12927,159,1
Chatham Area Transit,31.99164,-81.13008,159,1
Chatham Area Transit,31.98367,-81.13282,159,1
Chatham Area Transit,31.98165,-81.1337,159,1
Chatham Area Transit,31.97993,-81.13558,159,1
Chatham Area Transit,31.98014,-81.14347,159,1
Chatham Area Transit,31.98159,-81.1485,159,1
Chatham Area Transit,31.98219,-81.15048,159,1
Chatham Area Transit,31.98405,-81.15254,163,1
Chatham Area Transit,31.98294,-81.15301,159,1
Chatham Area Transit,31.98264,-81.16126,159,1
Chatham Area Transit,31.98274,-81.1685,299,1
Chatham Area Transit,31.98079,-81.16782,163,1
Chatham Area Transit,31.98236,-81.1517,163,1
Chatham Area Transit,31.9813,-81.14833,163,1
Chatham Area Transit,31.97999,-81.14387,163,1
Chatham Area Transit,31.97907,-81.14045,163,1
Chatham Area Transit,31.97945,-81.13628,163,1
Chatham Area Transit,31.98342,-81.13272,163,1
Chatham Area Transit,31.99132,-81.12995,163,1
Chatham Area Transit,31.99482,-81.12877,163,1
Chatham Area Transit,31.99922,-81.12721,163,1
Chatham Area Transit,32.00101,-81.12634,163,1
Chatham Area Transit,32.00352,-81.1213,163,1
Chatham Area Transit,32.00366,-81.11292,235,1
Chatham Area Transit,32.00482,-81.11434,235,1
Chatham Area Transit,32.00764,-81.11528,163,1
Chatham Area Transit,32.0107,-81.11418,163,1
Chatham Area Transit,32.01346,-81.11323,163,1
Chatham Area Transit,32.02335,-81.11018,159,1
Chatham Area Transit,32.01938,-81.11128,163,1
Chatham Area Transit,32.02158,-81.11057,163,1
Chatham Area Transit,32.02369,-81.10984,163,1
Chatham Area Transit,32.02573,-81.10899,163,1
Chatham Area Transit,32.02908,-81.10774,163,1
Chatham Area Transit,32.03331,-81.10621,163,1
Chatham Area Transit,32.03644,-81.10506,163,1
Chatham Area Transit,32.03915,-81.10408,163,1
Chatham Area Transit,32.04191,-81.10308,163,1
Chatham Area Transit,32.04362,-81.10247,163,1
Chatham Area Transit,32.04511,-81.10194,163,1
Chatham Area Transit,32.04738,-81.10114,163,1
Chatham Area Transit,32.04875,-81.10067,163,1
Chatham Area Transit,32.05187,-81.09953,163,1
Chatham Area Transit,32.05485,-81.0984,175,1
Chatham Area Transit,32.05644,-81.09787,175,1
Chatham Area Transit,32.05779,-81.0974,173,1
Chatham Area Transit,32.06187,-81.0959,175,1
Chatham Area Transit,32.06422,-81.09502,175,1
Chatham Area Transit,32.06586,-81.09437,175,1
Chatham Area Transit,32.06762,-81.09371,12,1
Chatham Area Transit,32.06862,-81.09331,175,1
Chatham Area Transit,32.07067,-81.09214,163,1
Chatham Area Transit,32.07186,-81.09213,175,1
Chatham Area Transit,32.07282,-81.09134,175,1
Chatham Area Transit,32.07409,-81.09127,175,1
Chatham Area Transit,31.98596,-81.154,163,1
Chatham Area Transit,31.98882,-81.16896,69,1
Chatham Area Transit,32.02822,-81.10049,174,1
Chatham Area Transit,32.06457,-81.07894,79,1
Chatham Area Transit,32.05776,-81.06177,79,1
Chatham Area Transit,32.06299,-81.04532,79,1
Chatham Area Transit,32.0428,-81.00744,309,1
Chatham Area Transit,32.04708,-81.00768,70,1
Chatham Area Transit,32.0631,-81.04493,78,1
Chatham Area Transit,32.05781,-81.06169,82,1
Chatham Area Transit,32.06482,-81.07906,141,1
Chatham Area Transit,32.07616,-81.0903,221,1
Chatham Area Transit,32.07538,-81.08731,158,1
Chatham Area Transit,32.075,-81.08578,158,1
Chatham Area Transit,32.0727,-81.08612,158,1
Chatham Area Transit,32.07236,-81.08474,138,1
Chatham Area Transit,32.07131,-81.08326,138,1
Chatham Area Transit,32.07043,-81.08269,59,1
Chatham Area Transit,32.06712,-81.08055,138,1
Chatham Area Transit,32.06539,-81.07942,138,1
Chatham Area Transit,32.06304,-81.07789,79,1
Chatham Area Transit,32.06219,-81.07653,79,1
Chatham Area Transit,32.06169,-81.07465,79,1
Chatham Area Transit,32.06015,-81.06919,79,1
Chatham Area Transit,32.05958,-81.0675,79,1
Chatham Area Transit,32.05895,-81.06582,79,1
Chatham Area Transit,32.05743,-81.06037,161,1
Chatham Area Transit,32.05685,-81.05799,161,1
Chatham Area Transit,32.05428,-81.0585,161,1
Chatham Area Transit,32.05376,-81.05655,161,1
Chatham Area Transit,32.0526,-81.05663,161,1
Chatham Area Transit,32.05158,-81.05685,161,1
Chatham Area Transit,32.04956,-81.05732,161,1
Chatham Area Transit,32.04698,-81.06055,161,1
Chatham Area Transit,32.04793,-81.06428,161,1
Chatham Area Transit,32.05088,-81.06401,161,1
Chatham Area Transit,32.05217,-81.06358,161,1
Chatham Area Transit,32.05414,-81.06289,161,1
Chatham Area Transit,32.05552,-81.06242,161,1
Chatham Area Transit,32.05754,-81.06174,161,1
Chatham Area Transit,32.0606,-81.06064,79,1
Chatham Area Transit,32.06225,-81.06,79,1
Chatham Area Transit,32.06352,-81.05954,79,1
Chatham Area Transit,32.06489,-81.05852,79,1
Chatham Area Transit,32.06448,-81.05694,79,1
Chatham Area Transit,32.06376,-81.05423,79,1
Chatham Area Transit,32.06313,-81.05187,79,1
Chatham Area Transit,32.06385,-81.05078,79,1
Chatham Area Transit,32.06369,-81.04716,79,1
Chatham Area Transit,32.06476,-81.04515,74,1
Chatham Area Transit,32.06626,-81.04442,74,1
Chatham Area Transit,32.06568,-81.04112,74,1
Chatham Area Transit,32.06515,-81.03844,74,1
Chatham Area Transit,32.06382,-81.03355,74,1
Chatham Area Transit,32.05261,-81.0144,74,1
Chatham Area Transit,32.03975,-81.0085,64,1
Chatham Area Transit,32.05535,-81.01729,70,1
Chatham Area Transit,32.0582,-81.02148,70,1
Chatham Area Transit,32.06364,-81.03266,70,1
Chatham Area Transit,32.06573,-81.04039,70,1
Chatham Area Transit,32.06614,-81.04454,70,1
Chatham Area Transit,32.06365,-81.04689,78,1
Chatham Area Transit,32.06434,-81.05045,78,1
Chatham Area Transit,32.06368,-81.05093,78,1
Chatham Area Transit,32.06319,-81.05202,78,1
Chatham Area Transit,32.06383,-81.05437,78,1
Chatham Area Transit,32.06441,-81.05656,78,1
Chatham Area Transit,32.06496,-81.05867,78,1
Chatham Area Transit,32.06386,-81.05946,78,1
Chatham Area Transit,32.06263,-81.0599,78,1
Chatham Area Transit,32.05975,-81.06098,82,1
Chatham Area Transit,32.05799,-81.06276,82,1
Chatham Area Transit,32.05948,-81.06706,82,1
Chatham Area Transit,32.06024,-81.06938,82,1
Chatham Area Transit,32.0613,-81.07256,82,1
Chatham Area Transit,32.06165,-81.07427,82,1
Chatham Area Transit,32.06208,-81.07622,82,1
Chatham Area Transit,32.06285,-81.07758,82,1
Chatham Area Transit,32.06625,-81.07998,82,1
Chatham Area Transit,32.06705,-81.08049,141,1
Chatham Area Transit,32.06963,-81.08219,141,1
Chatham Area Transit,32.07031,-81.0826,82,1
Chatham Area Transit,32.07282,-81.08592,141,1
Chatham Area Transit,32.0736,-81.08599,152,1
Chatham Area Transit,32.07559,-81.08728,293,1
Chatham Area Transit,32.07637,-81.09027,293,1
Chatham Area Transit,32.06187,-81.09594,171,1
Chatham Area Transit,32.0245,-81.09496,12,1
Chatham Area Transit,32.01283,-81.07823,12,1
Chatham Area Transit,32.02434,-81.09435,12,1
Chatham Area Transit,32.0776,-81.09501,293,1
Chatham Area Transit,32.01717,-81.06693,85,1
Chatham Area Transit,32.07628,-81.09053,171,1
Chatham Area Transit,32.06271,-81.09563,14,1
Chatham Area Transit,32.05419,-81.09843,12,1
Chatham Area Transit,32.05366,-81.09658,12,1
Chatham Area Transit,32.05288,-81.09371,12,1
Chatham Area Transit,32.05259,-81.09266,12,1
Chatham Area Transit,32.05157,-81.09297,12,1
Chatham Area Transit,32.05058,-81.09336,12,1
Chatham Area Transit,32.04896,-81.09394,12,1
Chatham Area Transit,32.04776,-81.09437,12,1
Chatham Area Transit,32.046,-81.095,12,1
Chatham Area Transit,32.04445,-81.09557,12,1
Chatham Area Transit,32.04299,-81.0961,12,1
Chatham Area Transit,32.04146,-81.09665,12,1
Chatham Area Transit,32.03966,-81.09731,12,1
Chatham Area Transit,32.03794,-81.09796,12,1
Chatham Area Transit,32.03606,-81.09861,12,1
Chatham Area Transit,32.03403,-81.0994,12,1
Chatham Area Transit,32.03205,-81.10012,12,1
Chatham Area Transit,32.02997,-81.10081,24,1
Chatham Area Transit,32.02788,-81.10163,24,1
Chatham Area Transit,32.03003,-81.10074,24,1
Chatham Area Transit,32.03155,-81.10019,24,1
Chatham Area Transit,32.0307,-81.09605,12,1
Chatham Area Transit,32.0296,-81.09629,12,1
Chatham Area Transit,32.02835,-81.09679,12,1
Chatham Area Transit,32.02652,-81.09752,12,1
Chatham Area Transit,32.0223,-81.08691,12,1
Chatham Area Transit,32.02077,-81.08096,12,1
Chatham Area Transit,32.0203,-81.07896,12,1
Chatham Area Transit,32.0194,-81.07543,12,1
Chatham Area Transit,32.01865,-81.0726,85,1
Chatham Area Transit,32.01811,-81.0706,85,1
Chatham Area Transit,32.01545,-81.06613,115,1
Chatham Area Transit,32.01347,-81.06544,2,1
Chatham Area Transit,32.01161,-81.06507,83,1
Chatham Area Transit,32.00734,-81.06562,83,1
Chatham Area Transit,32.00128,-81.06395,83,1
Chatham Area Transit,31.99929,-81.07156,85,1
Chatham Area Transit,31.99915,-81.07375,85,1
Chatham Area Transit,31.99953,-81.07533,85,1
Chatham Area Transit,31.99728,-81.07809,210,1
Chatham Area Transit,31.99452,-81.07898,164,1
Chatham Area Transit,31.99389,-81.08111,164,1
Chatham Area Transit,31.99086,-81.08114,164,1
Chatham Area Transit,32.00045,-81.07733,24,1
Chatham Area Transit,32.00444,-81.07696,12,1
Chatham Area Transit,32.00741,-81.07807,12,1
Chatham Area Transit,32.01466,-81.07736,12,1
Chatham Area Transit,32.01898,-81.07527,12,1
Chatham Area Transit,32.01964,-81.07624,10,1
Chatham Area Transit,32.02011,-81.07809,10,1
Chatham Area Transit,32.02058,-81.08005,10,1
Chatham Area Transit,32.02132,-81.08295,10,1
Chatham Area Transit,32.02329,-81.09087,12,1
Chatham Area Transit,32.02508,-81.09656,160,1
Chatham Area Transit,32.02675,-81.09738,12,1
Chatham Area Transit,32.02799,-81.09688,12,1
Chatham Area Transit,32.02924,-81.09638,12,1
Chatham Area Transit,32.03081,-81.09633,12,1
Chatham Area Transit,32.03123,-81.09798,12,1
Chatham Area Transit,32.0317,-81.09988,12,1
Chatham Area Transit,32.03356,-81.09949,12,1
Chatham Area Transit,32.03568,-81.0987,12,1
Chatham Area Transit,32.03747,-81.0981,12,1
Chatham Area Transit,32.03921,-81.09742,12,1
Chatham Area Transit,32.041,-81.09676,12,1
Chatham Area Transit,32.04253,-81.09622,12,1
Chatham Area Transit,32.04424,-81.09561,12,1
Chatham Area Transit,32.04553,-81.09514,12,1
Chatham Area Transit,32.04713,-81.09457,12,1
Chatham Area Transit,32.04874,-81.09398,12,1
Chatham Area Transit,32.05015,-81.09344,12,1
Chatham Area Transit,32.05121,-81.09308,12,1
Chatham Area Transit,32.05239,-81.09266,12,1
Chatham Area Transit,32.05286,-81.09351,12,1
Chatham Area Transit,32.05333,-81.09541,12,1
Chatham Area Transit,32.05363,-81.09641,12,1
Chatham Area Transit,32.05428,-81.09867,12,1
Chatham Area Transit,32.06195,-81.09621,103,1
Chatham Area Transit,32.05272,-81.08402,80,1
Chatham Area Transit,32.04067,-81.06348,103,1
Chatham Area Transit,32.02503,-81.05638,204,1
Chatham Area Transit,32.04029,-81.06254,101,1
Chatham Area Transit,32.05269,-81.08327,80,1
Chatham Area Transit,32.06481,-81.10321,224,1
Chatham Area Transit,32.0556,-81.13462,81,1
Chatham Area Transit,32.06264,-81.09559,101,1
Chatham Area Transit,32.06858,-81.16598,50,1
Chatham Area Transit,32.03385,-81.2534,158,1
Chatham Area Transit,32.00163,-81.28338,148,1
Chatham Area Transit,32.00265,-81.268,72,1
Chatham Area Transit,32.05112,-81.11634,103,1
Chatham Area Transit,32.05427,-81.11519,103,1
Chatham Area Transit,32.05547,-81.11477,103,1
Chatham Area Transit,32.05551,-81.13481,77,1
Chatham Area Transit,32.05155,-81.11621,103,1
Chatham Area Transit,32.06472,-81.10306,225,1
Chatham Area Transit,32.0571,-81.1142,103,1
Chatham Area Transit,32.06027,-81.11168,103,1
Chatham Area Transit,32.06148,-81.10991,103,1
Chatham Area Transit,32.06331,-81.10726,103,1
Chatham Area Transit,32.06383,-81.10338,103,1
Chatham Area Transit,32.06305,-81.1004,103,1
Chatham Area Transit,32.06247,-81.09819,103,1
Chatham Area Transit,32.06133,-81.09389,103,1
Chatham Area Transit,32.05969,-81.09335,103,1
Chatham Area Transit,32.07485,-81.09945,239,1
Chatham Area Transit,32.07035,-81.10106,320,1
Chatham Area Transit,32.0663,-81.10261,224,1
Chatham Area Transit,32.0644,-81.10543,180,1
Chatham Area Transit,32.05697,-81.09433,103,1
Chatham Area Transit,32.05563,-81.09414,103,1
Chatham Area Transit,32.05669,-81.12658,81,1
Chatham Area Transit,32.05535,-81.09313,103,1
Chatham Area Transit,32.05481,-81.13829,81,1
Chatham Area Transit,32.05308,-81.14493,81,1
Chatham Area Transit,32.05125,-81.15252,81,1
Chatham Area Transit,32.05063,-81.15533,81,1
Chatham Area Transit,32.04854,-81.16484,261,1
Chatham Area Transit,32.05124,-81.16652,54,1
Chatham Area Transit,32.05443,-81.0899,103,1
Chatham Area Transit,32.05761,-81.1635,54,1
Chatham Area Transit,32.05377,-81.08756,103,1
Chatham Area Transit,32.06513,-81.16656,50,1
Chatham Area Transit,32.05778,-81.16332,50,1
Chatham Area Transit,32.05182,-81.08023,103,1
Chatham Area Transit,32.0656,-81.1663,77,1
Chatham Area Transit,32.05135,-81.0784,103,1
Chatham Area Transit,32.04943,-81.16597,50,1
Chatham Area Transit,32.04746,-81.16913,81,1
Chatham Area Transit,32.04678,-81.17181,81,1
Chatham Area Transit,32.04614,-81.17452,81,1
Chatham Area Transit,32.04493,-81.1795,81,1
Chatham Area Transit,32.05056,-81.0754,103,1
Chatham Area Transit,32.04395,-81.18354,81,1
Chatham Area Transit,32.04328,-81.18617,81,1
Chatham Area Transit,32.04217,-81.19057,81,1
Chatham Area Transit,32.04098,-81.19562,81,1
Chatham Area Transit,32.04044,-81.19944,81,1
Chatham Area Transit,32.04954,-81.07534,103,1
Chatham Area Transit,32.03935,-81.20806,81,1
Chatham Area Transit,32.0382,-81.21336,81,1
Chatham Area Transit,32.03253,-81.21898,81,1
Chatham Area Transit,32.03001,-81.22088,81,1
Chatham Area Transit,32.04812,-81.07585,103,1
Chatham Area Transit,32.02422,-81.22523,81,1
Chatham Area Transit,32.01777,-81.23018,81,1
Chatham Area Transit,32.01494,-81.23398,158,1
Chatham Area Transit,32.04672,-81.07635,103,1
Chatham Area Transit,32.01831,-81.23763,158,1
Chatham Area Transit,32.02035,-81.23984,158,1
Chatham Area Transit,32.02186,-81.24146,158,1
Chatham Area Transit,32.02496,-81.24481,158,1
Chatham Area Transit,32.04529,-81.07509,103,1
Chatham Area Transit,32.0278,-81.24755,158,1
Chatham Area Transit,32.04474,-81.07318,103,1
Chatham Area Transit,32.03083,-81.2506,158,1
Chatham Area Transit,32.0283,-81.24809,158,1
Chatham Area Transit,32.02565,-81.24553,158,1
Chatham Area Transit,32.02245,-81.24218,158,1
Chatham Area Transit,32.02061,-81.24018,158,1
Chatham Area Transit,32.01882,-81.23822,158,1
Chatham Area Transit,32.01615,-81.23538,158,1
Chatham Area Transit,32.04316,-81.06818,103,1
Chatham Area Transit,32.0125,-81.23416,81,1
Chatham Area Transit,32.00273,-81.24573,81,1
Chatham Area Transit,31.9985,-81.25165,143,1
Chatham Area Transit,31.99673,-81.26423,76,1
Chatham Area Transit,31.9962,-81.26795,76,1
Chatham Area Transit,31.99677,-81.27041,76,1
Chatham Area Transit,31.99956,-81.27528,76,1
Chatham Area Transit,32.00081,-81.27749,76,1
Chatham Area Transit,32.00194,-81.2795,76,1
Chatham Area Transit,32.00284,-81.28107,76,1
Chatham Area Transit,32.0395,-81.06153,103,1
Chatham Area Transit,32.00233,-81.28192,76,1
Chatham Area Transit,32.06319,-81.16651,50,1
Chatham Area Transit,32.03824,-81.05947,103,1
Chatham Area Transit,32.03583,-81.05546,103,1
Chatham Area Transit,32.03354,-81.05715,167,1
Chatham Area Transit,32.03066,-81.05745,103,1
Chatham Area Transit,32.02869,-81.05762,167,1
Chatham Area Transit,32.02538,-81.05736,167,1
Chatham Area Transit,32.02809,-81.05529,183,1
Chatham Area Transit,32.02891,-81.05744,183,1
Chatham Area Transit,32.03023,-81.05746,183,1
Chatham Area Transit,32.03315,-81.05719,183,1
Chatham Area Transit,32.03509,-81.0559,183,1
Chatham Area Transit,32.03621,-81.0558,101,1
Chatham Area Transit,32.03831,-81.05922,101,1
Chatham Area Transit,32.03956,-81.06133,101,1
Chatham Area Transit,32.04296,-81.06731,101,1
Chatham Area Transit,32.04433,-81.07115,101,1
Chatham Area Transit,32.04488,-81.07308,101,1
Chatham Area Transit,32.04565,-81.07566,101,1
Chatham Area Transit,32.04689,-81.07625,101,1
Chatham Area Transit,32.04936,-81.07537,101,1
Chatham Area Transit,32.05066,-81.07562,101,1
Chatham Area Transit,32.05134,-81.07827,101,1
Chatham Area Transit,32.05179,-81.07994,101,1
Chatham Area Transit,32.05379,-81.08752,101,1
Chatham Area Transit,32.05443,-81.08977,101,1
Chatham Area Transit,32.05523,-81.09256,101,1
Chatham Area Transit,32.00625,-81.2791,72,1
Chatham Area Transit,32.00711,-81.27635,72,1
Chatham Area Transit,32.00552,-81.27439,72,1
Chatham Area Transit,32.00414,-81.27433,72,1
Chatham Area Transit,32.05708,-81.09212,101,1
Chatham Area Transit,32.05828,-81.09169,101,1
Chatham Area Transit,32.00217,-81.26117,72,1
Chatham Area Transit,32.00245,-81.2584,72,1
Chatham Area Transit,32.00434,-81.25557,72,1
Chatham Area Transit,32.00594,-81.2509,72,1
Chatham Area Transit,32.06008,-81.09103,101,1
Chatham Area Transit,31.99838,-81.25134,67,1
Chatham Area Transit,31.99772,-81.25621,67,1
Chatham Area Transit,32.00327,-81.24475,77,1
Chatham Area Transit,32.00443,-81.24352,77,1
Chatham Area Transit,32.01187,-81.23457,77,1
Chatham Area Transit,32.0615,-81.09115,101,1
Chatham Area Transit,32.0621,-81.0934,101,1
Chatham Area Transit,32.06378,-81.09999,101,1
Chatham Area Transit,32.06436,-81.10208,101,1
Chatham Area Transit,32.02281,-81.22627,77,1
Chatham Area Transit,32.02884,-81.22167,77,1
Chatham Area Transit,32.03442,-81.21745,77,1
Chatham Area Transit,32.03691,-81.21536,77,1
Chatham Area Transit,32.03932,-81.20791,77,1
Chatham Area Transit,32.06397,-81.10381,180,1
Chatham Area Transit,32.04032,-81.20008,77,1
Chatham Area Transit,32.04173,-81.19216,77,1
Chatham Area Transit,32.04262,-81.18865,77,1
Chatham Area Transit,32.04311,-81.18668,77,1
Chatham Area Transit,32.04375,-81.18413,77,1
Chatham Area Transit,32.06388,-81.10647,101,1
Chatham Area Transit,32.04487,-81.17963,77,1
Chatham Area Transit,32.04597,-81.17504,77,1
Chatham Area Transit,32.04686,-81.17133,77,1
Chatham Area Transit,32.04739,-81.16921,77,1
Chatham Area Transit,32.06161,-81.10979,101,1
Chatham Area Transit,32.0603,-81.1117,101,1
Chatham Area Transit,32.0589,-81.11369,101,1
Chatham Area Transit,32.05724,-81.11444,101,1
Chatham Area Transit,32.05627,-81.11453,101,1
Chatham Area Transit,32.05451,-81.11516,101,1
Chatham Area Transit,32.05177,-81.11618,101,1
Chatham Area Transit,32.05092,-81.11569,101,1
Chatham Area Transit,32.04971,-81.11539,101,1
Chatham Area Transit,32.05038,-81.15631,77,1
Chatham Area Transit,32.05142,-81.15168,77,1
Chatham Area Transit,32.05313,-81.14447,77,1
Chatham Area Transit,32.055,-81.13703,77,1
Chatham Area Transit,32.05589,-81.13255,77,1
Chatham Area Transit,32.05668,-81.12636,77,1
Chatham Area Transit,32.05893,-81.11358,103,1
Chatham Area Transit,32.0685,-81.10167,225,1
Chatham Area Transit,32.06951,-81.10132,325,1
Chatham Area Transit,32.07153,-81.10058,325,1
Chatham Area Transit,32.07295,-81.10006,325,1
Chatham Area Transit,32.07457,-81.09943,325,1
Chatham Area Transit,32.00044,-81.11372,203,1
Chatham Area Transit,31.97222,-81.15151,4,1
Chatham Area Transit,31.96432,-81.13591,4,1
Chatham Area Transit,31.96894,-81.1362,7,1
Chatham Area Transit,31.93706,-81.15321,7,1
Chatham Area Transit,31.96404,-81.13554,3,1
Chatham Area Transit,31.97309,-81.13284,3,1
Chatham Area Transit,31.99576,-81.1255,4,1
Chatham Area Transit,31.99333,-81.12715,4,1
Chatham Area Transit,31.99107,-81.12804,4,1
Chatham Area Transit,31.98846,-81.12882,4,1
Chatham Area Transit,31.98711,-81.12915,4,1
Chatham Area Transit,31.98555,-81.12958,4,1
Chatham Area Transit,31.98221,-81.13045,4,1
Chatham Area Transit,31.97856,-81.13145,4,1
Chatham Area Transit,31.97688,-81.13188,4,1
Chatham Area Transit,31.97504,-81.13244,4,1
Chatham Area Transit,31.97331,-81.13328,4,1
Chatham Area Transit,31.97432,-81.1371,4,1
Chatham Area Transit,31.97413,-81.13822,4,1
Chatham Area Transit,31.97371,-81.14045,4,1
Chatham Area Transit,31.97313,-81.1434,4,1
Chatham Area Transit,31.97246,-81.1474,4,1
Chatham Area Transit,31.96925,-81.15295,4,1
Chatham Area Transit,31.96656,-81.1528,4,1
Chatham Area Transit,31.96219,-81.15078,4,1
Chatham Area Transit,31.96291,-81.14691,4,1
Chatham Area Transit,31.96633,-81.14379,4,1
Chatham Area Transit,31.9654,-81.13954,4,1
Chatham Area Transit,31.96477,-81.13739,4,1
Chatham Area Transit,31.96188,-81.13627,4,1
Chatham Area Transit,31.96035,-81.13692,4,1
Chatham Area Transit,31.95902,-81.13929,4,1
Chatham Area Transit,31.95813,-81.14164,4,1
Chatham Area Transit,31.94799,-81.14673,4,1
Chatham Area Transit,31.94023,-81.15078,4,1
Chatham Area Transit,31.9395,-81.15134,3,1
Chatham Area Transit,31.9416,-81.14962,3,1
Chatham Area Transit,31.94238,-81.14919,3,1
Chatham Area Transit,31.9446,-81.14828,3,1
Chatham Area Transit,31.94981,-81.14619,3,1
Chatham Area Transit,31.95282,-81.14549,3,1
Chatham Area Transit,31.95628,-81.14362,3,1
Chatham Area Transit,31.95794,-81.14196,3,1
Chatham Area Transit,31.96154,-81.13631,3,1
Chatham Area Transit,31.96955,-81.13396,3,1
Chatham Area Transit,31.97203,-81.13313,3,1
Chatham Area Transit,31.9751,-81.13236,3,1
Chatham Area Transit,31.98014,-81.13081,3,1
Chatham Area Transit,31.98154,-81.13043,3,1
Chatham Area Transit,31.98308,-81.13005,3,1
Chatham Area Transit,31.98455,-81.12963,3,1
Chatham Area Transit,31.98805,-81.1287,3,1
Chatham Area Transit,31.99066,-81.12793,3,1
Chatham Area Transit,31.99376,-81.12675,3,1
Chatham Area Transit,31.99562,-81.12529,3,1
Chatham Area Transit,31.99699,-81.12328,3,1
Chatham Area Transit,31.99803,-81.12123,3,1
Chatham Area Transit,32.05808,-81.08196,83,1
Chatham Area Transit,32.01734,-80.97649,118,1
Chatham Area Transit,32.02356,-80.96592,59,1
Chatham Area Transit,32.05885,-81.08144,83,1
Chatham Area Transit,32.07243,-81.08865,83,1
Chatham Area Transit,32.07112,-81.08912,146,1
Chatham Area Transit,32.06976,-81.08965,146,1
Chatham Area Transit,32.06777,-81.09038,146,1
Chatham Area Transit,32.06595,-81.09106,83,1
Chatham Area Transit,32.06577,-81.09221,83,1
Chatham Area Transit,32.063,-81.0932,83,1
Chatham Area Transit,32.06053,-81.091,83,1
Chatham Area Transit,32.05993,-81.08892,83,1
Chatham Area Transit,32.05967,-81.0879,83,1
Chatham Area Transit,32.0586,-81.08405,83,1
Chatham Area Transit,32.05753,-81.0799,83,1
Chatham Area Transit,32.05705,-81.07812,83,1
Chatham Area Transit,32.05618,-81.07482,83,1
Chatham Area Transit,32.05582,-81.07334,83,1
Chatham Area Transit,32.05512,-81.06835,83,1
Chatham Area Transit,32.05343,-81.06718,83,1
Chatham Area Transit,32.05015,-81.06548,83,1
Chatham Area Transit,32.04628,-81.06421,83,1
Chatham Area Transit,32.04445,-81.06373,83,1
Chatham Area Transit,32.03965,-81.01984,82,1
Chatham Area Transit,32.03775,-81.01543,82,1
Chatham Area Transit,32.03682,-81.01319,82,1
Chatham Area Transit,32.03633,-81.00939,82,1
Chatham Area Transit,32.04022,-81.00929,82,1
Chatham Area Transit,32.04016,-80.99651,59,1
Chatham Area Transit,32.03522,-80.99153,59,1
Chatham Area Transit,32.03087,-80.99419,59,1
Chatham Area Transit,32.02765,-80.99889,59,1
Chatham Area Transit,32.02234,-80.99512,59,1
Chatham Area Transit,32.01458,-80.98591,59,1
Chatham Area Transit,32.01414,-80.98193,59,1
Chatham Area Transit,32.01606,-80.97908,59,1
Chatham Area Transit,32.0137,-80.97486,59,1
Chatham Area Transit,32.01029,-80.97332,59,1
Chatham Area Transit,32.00596,-80.9713,59,1
Chatham Area Transit,32.00372,-80.97026,59,1
Chatham Area Transit,32.00161,-80.96923,59,1
Chatham Area Transit,32.00395,-80.96614,59,1
Chatham Area Transit,32.0071,-80.9624,59,1
Chatham Area Transit,32.01019,-80.95879,59,1
Chatham Area Transit,32.01324,-80.95975,59,1
Chatham Area Transit,32.02246,-80.96933,59,1
Chatham Area Transit,32.0203,-80.97303,59,1
Chatham Area Transit,32.01832,-80.97643,59,1
Chatham Area Transit,32.0163,-80.97885,59,1
Chatham Area Transit,32.01403,-80.98317,59,1
Chatham Area Transit,32.01474,-80.98608,59,1
Chatham Area Transit,32.0223,-80.99502,59,1
Chatham Area Transit,32.01536,-80.98692,59,1
Chatham Area Transit,32.03071,-80.99431,59,1
Chatham Area Transit,32.03519,-80.99147,59,1
Chatham Area Transit,32.04049,-80.99658,59,1
Chatham Area Transit,32.03649,-81.00933,64,1
Chatham Area Transit,32.03804,-81.01558,64,1
Chatham Area Transit,32.04202,-81.06365,83,1
Chatham Area Transit,32.04453,-81.06369,83,1
Chatham Area Transit,32.0504,-81.06558,83,1
Chatham Area Transit,32.05345,-81.06714,83,1
Chatham Area Transit,32.05554,-81.06868,83,1
Chatham Area Transit,32.05588,-81.07002,83,1
Chatham Area Transit,32.05666,-81.07331,83,1
Chatham Area Transit,32.0573,-81.07557,83,1
Chatham Area Transit,32.05781,-81.07751,83,1
Chatham Area Transit,32.05835,-81.07948,83,1
Chatham Area Transit,32.05944,-81.08375,83,1
Chatham Area Transit,32.05985,-81.08526,83,1
Chatham Area Transit,32.06055,-81.08768,83,1
Chatham Area Transit,32.06224,-81.09027,83,1
Chatham Area Transit,32.06284,-81.09004,83,1
Chatham Area Transit,32.06364,-81.08969,83,1
Chatham Area Transit,32.0672,-81.08838,152,1
Chatham Area Transit,32.0692,-81.08765,152,1
Chatham Area Transit,32.07059,-81.08714,152,1
Chatham Area Transit,32.07256,-81.0864,152,1
Chatham Area Transit,32.077,-81.09271,293,1
Chatham Area Transit,32.03843,-81.00817,82,1
Chatham Area Transit,32.04696,-81.10861,145,1
Chatham Area Transit,32.03624,-81.14256,293,1
Chatham Area Transit,32.06301,-81.10367,148,1
Chatham Area Transit,32.06325,-81.1038,145,1
Chatham Area Transit,32.06167,-81.10438,145,1
Chatham Area Transit,31.9654,-81.10083,3,1
Chatham Area Transit,31.94438,-81.11018,3,1
Chatham Area Transit,31.9408,-81.0509,6,1
Chatham Area Transit,31.99407,-81.10522,147,1
Chatham Area Transit,32.00501,-81.10158,59,1
Chatham Area Transit,32.00233,-81.10255,59,1
Chatham Area Transit,32.001,-81.10304,62,1
Chatham Area Transit,31.99699,-81.10455,3,1
Chatham Area Transit,31.99837,-81.10401,3,1
Chatham Area Transit,31.99333,-81.10587,3,1
Chatham Area Transit,31.99048,-81.10558,3,1
Chatham Area Transit,31.98532,-81.10505,3,1
Chatham Area Transit,31.98155,-81.10539,3,1
Chatham Area Transit,31.97985,-81.10555,3,1
Chatham Area Transit,31.97539,-81.10594,3,1
Chatham Area Transit,31.972,-81.10485,3,1
Chatham Area Transit,31.96033,-81.10237,3,1
Chatham Area Transit,31.95723,-81.10401,3,1
Chatham Area Transit,31.95596,-81.10486,3,1
Chatham Area Transit,31.95408,-81.10615,3,1
Chatham Area Transit,31.95225,-81.10752,3,1
Chatham Area Transit,31.94968,-81.11014,3,1
Chatham Area Transit,31.94734,-81.11268,3,1
Chatham Area Transit,31.94537,-81.11306,3,1
Chatham Area Transit,31.94582,-81.10906,3,1
Chatham Area Transit,31.95544,-81.10163,3,1
Chatham Area Transit,31.95769,-81.0991,3,1
Chatham Area Transit,31.95438,-81.09019,3,1
Chatham Area Transit,31.94074,-81.05728,3,1
Chatham Area Transit,31.94001,-81.05628,3,1
Chatham Area Transit,31.95394,-81.08895,3,1
Chatham Area Transit,31.95949,-81.0968,3,1
Chatham Area Transit,31.9648,-81.09211,3,1
Chatham Area Transit,31.97017,-81.0875,3,1
Chatham Area Transit,31.97567,-81.08278,3,1
Chatham Area Transit,31.98099,-81.07826,3,1
Chatham Area Transit,31.9827,-81.07676,3,1
Chatham Area Transit,31.98629,-81.07446,3,1
Chatham Area Transit,31.98804,-81.07521,3,1
Chatham Area Transit,31.99027,-81.08707,66,1
Chatham Area Transit,31.99042,-81.09042,66,1
Chatham Area Transit,31.99074,-81.09194,66,1
Chatham Area Transit,31.99175,-81.09611,147,1
Chatham Area Transit,31.99698,-81.10443,63,1
Chatham Area Transit,31.99884,-81.10372,133,1
Chatham Area Transit,32.00091,-81.10294,207,1
Chatham Area Transit,32.00229,-81.10247,207,1
Chatham Area Transit,32.06031,-81.10484,145,1
Chatham Area Transit,32.05816,-81.10567,145,1
Chatham Area Transit,32.05692,-81.10605,145,1
Chatham Area Transit,32.05247,-81.1077,145,1
Chatham Area Transit,32.0492,-81.10888,145,1
Chatham Area Transit,32.04805,-81.11305,145,1
Chatham Area Transit,32.04873,-81.11558,145,1
Chatham Area Transit,32.04908,-81.11706,145,1
Chatham Area Transit,32.05012,-81.12235,145,1
Chatham Area Transit,32.05162,-81.13003,145,1
Chatham Area Transit,32.05197,-81.13182,145,1
Chatham Area Transit,32.04851,-81.16476,77,1
Chatham Area Transit,32.03473,-81.15414,113,1
Chatham Area Transit,32.03325,-81.14878,113,1
Chatham Area Transit,32.03521,-81.14791,113,1
Chatham Area Transit,32.03672,-81.14499,258,1
Chatham Area Transit,32.05047,-81.13718,145,1
Chatham Area Transit,32.04785,-81.13806,145,1
Chatham Area Transit,32.04628,-81.13854,145,1
Chatham Area Transit,32.04356,-81.13948,145,1
Chatham Area Transit,32.04197,-81.14006,145,1
Chatham Area Transit,32.04063,-81.14048,145,1
Chatham Area Transit,32.03675,-81.14478,148,1
Chatham Area Transit,32.03722,-81.14666,265,1
Chatham Area Transit,32.04084,-81.14036,148,1
Chatham Area Transit,32.04363,-81.13942,148,1
Chatham Area Transit,32.04636,-81.13848,148,1
Chatham Area Transit,32.04788,-81.13795,148,1
Chatham Area Transit,32.05056,-81.13703,148,1
Chatham Area Transit,32.05197,-81.13667,145,1
Chatham Area Transit,32.05178,-81.13663,148,1
Chatham Area Transit,32.05175,-81.13159,148,1
Chatham Area Transit,32.06107,-81.09288,186,1
Chatham Area Transit,32.05155,-81.13015,148,1
Chatham Area Transit,32.05011,-81.12249,148,1
Chatham Area Transit,32.04907,-81.11718,148,1
Chatham Area Transit,32.00178,-81.06358,2,1
Chatham Area Transit,31.98879,-81.0552,3,1
Chatham Area Transit,32.04868,-81.11561,148,1
Chatham Area Transit,32.04801,-81.11306,148,1
Chatham Area Transit,31.9943,-81.10615,81,1
Chatham Area Transit,32.04897,-81.10883,148,1
Chatham Area Transit,32.05063,-81.10816,148,1
Chatham Area Transit,32.06554,-81.08902,152,1
Chatham Area Transit,32.05235,-81.10756,148,1
Chatham Area Transit,32.05377,-81.10702,148,1
Chatham Area Transit,32.05677,-81.10595,148,1
Chatham Area Transit,32.04165,-81.0639,83,1
Chatham Area Transit,32.05841,-81.10534,148,1
Chatham Area Transit,32.06011,-81.10473,148,1
Chatham Area Transit,32.06169,-81.10417,148,1
Chatham Area Transit,32.06367,-81.10345,148,1
Chatham Area Transit,32.0662,-81.10252,225,1
Chatham Area Transit,32.04055,-81.06453,83,1
Chatham Area Transit,32.03719,-81.06635,83,1
Chatham Area Transit,32.03594,-81.06702,83,1
Chatham Area Transit,32.0344,-81.06785,83,1
Chatham Area Transit,32.03177,-81.06875,83,1
Chatham Area Transit,32.02991,-81.0694,83,1
Chatham Area Transit,32.02721,-81.07091,83,1
Chatham Area Transit,32.02496,-81.07213,83,1
Chatham Area Transit,32.02341,-81.07299,83,1
Chatham Area Transit,32.02192,-81.07379,83,1
Chatham Area Transit,32.01911,-81.07433,83,1
Chatham Area Transit,31.98709,-81.07266,3,1
Chatham Area Transit,31.99076,-81.06859,3,1
Chatham Area Transit,31.99268,-81.06639,3,1
Chatham Area Transit,31.98612,-81.05452,3,1
Chatham Area Transit,31.98553,-81.056,3,1
Chatham Area Transit,31.98377,-81.05782,3,1
Chatham Area Transit,31.98104,-81.06018,3,1
Chatham Area Transit,31.98053,-81.06144,3,1
Chatham Area Transit,31.97932,-81.06444,3,1
Chatham Area Transit,31.97951,-81.06641,3,1
Chatham Area Transit,31.98075,-81.06915,3,1
Chatham Area Transit,31.98443,-81.07293,3,1
Chatham Area Transit,31.99074,-81.07669,210,1
Chatham Area Transit,32.0035,-81.09063,81,1
Chatham Area Transit,32.00014,-81.09063,81,1
Chatham Area Transit,31.99409,-81.09056,81,1
Chatham Area Transit,31.99092,-81.09058,81,1
Chatham Area Transit,32.08008,-81.09636,171,1
Chatham Area Transit,31.99235,-81.09842,147,1
Chatham Area Transit,31.99539,-81.11068,81,1
Chatham Area Transit,31.9958,-81.11247,81,1
Chatham Area Transit,31.99617,-81.11416,81,1
Chatham Area Transit,32.00635,-81.10006,127,1
Chatham Area Transit,32.00539,-81.09642,127,1
Chatham Area Transit,32.00477,-81.0941,127,1
Chatham Area Transit,32.00357,-81.08974,127,1
Chatham Area Transit,32.00227,-81.08492,127,1
Chatham Area Transit,32.00061,-81.07922,127,1
Chatham Area Transit,31.99965,-81.07583,83,1
Chatham Area Transit,31.9991,-81.07398,83,1
Chatham Area Transit,31.9993,-81.07135,83,1
Chatham Area Transit,32.00125,-81.06388,83,1
Chatham Area Transit,32.00707,-81.0654,83,1
Chatham Area Transit,32.01196,-81.06494,83,1
Chatham Area Transit,32.01498,-81.06591,115,1
Chatham Area Transit,32.01726,-81.06711,83,1
Chatham Area Transit,32.01817,-81.07063,83,1
Chatham Area Transit,32.01855,-81.07212,83,1
Chatham Area Transit,32.01917,-81.07438,83,1
Chatham Area Transit,32.02184,-81.07374,93,1
Chatham Area Transit,32.02315,-81.07303,93,1
Chatham Area Transit,32.02508,-81.07197,93,1
Chatham Area Transit,32.02703,-81.07094,83,1
Chatham Area Transit,32.02944,-81.0696,83,1
Chatham Area Transit,32.03219,-81.06856,83,1
Chatham Area Transit,32.0339,-81.06799,83,1
Chatham Area Transit,32.03588,-81.06701,83,1
Chatham Area Transit,32.03773,-81.06603,83,1
Chatham Area Transit,32.0387,-81.0655,83,1
Chatham Area Transit,32.03985,-81.06489,83,1
Chatham Area Transit,31.9969,-81.09062,81,1
Chatham Area Transit,32.06886,-81.1023,94,1
Chatham Area Transit,32.06662,-81.12798,200,1
Chatham Area Transit,32.07182,-81.12561,100,1
Chatham Area Transit,32.0687,-81.10235,100,1
Chatham Area Transit,32.07175,-81.10052,320,1
Chatham Area Transit,32.06946,-81.10475,94,1
Chatham Area Transit,32.07076,-81.11496,181,1
Chatham Area Transit,32.06168,-81.12156,81,1
Chatham Area Transit,32.0694,-81.1159,181,1
Chatham Area Transit,32.06467,-81.12017,100,1
Chatham Area Transit,32.06551,-81.11984,100,1
Chatham Area Transit,32.06603,-81.12201,100,1
Chatham Area Transit,32.06646,-81.1238,100,1
Chatham Area Transit,32.06566,-81.12432,100,1
Chatham Area Transit,32.0662,-81.12665,100,1
Chatham Area Transit,32.06486,-81.12111,100,1
Chatham Area Transit,32.06872,-81.11631,177,1
Chatham Area Transit,32.06155,-81.12143,77,1
Chatham Area Transit,32.07135,-81.11446,177,1
Chatham Area Transit,32.07226,-81.11597,94,1
Chatham Area Transit,32.0731,-81.11809,94,1
Chatham Area Transit,32.07357,-81.1198,94,1
Chatham Area Transit,32.074,-81.12132,94,1
Chatham Area Transit,32.07333,-81.12504,99,1
Chatham Area Transit,32.07113,-81.12418,100,1
Chatham Area Transit,32.07069,-81.12267,100,1
Chatham Area Transit,32.07006,-81.12036,100,1
Chatham Area Transit,32.07159,-81.11956,100,1
Chatham Area Transit,32.07322,-81.11905,100,1
Chatham Area Transit,32.07308,-81.11837,100,1
Chatham Area Transit,32.0719,-81.11468,100,1
Chatham Area Transit,32.0716,-81.11365,177,1
Chatham Area Transit,32.06944,-81.10521,100,1
Chatham Area Transit,32.09884,-81.1197,106,1
Chatham Area Transit,32.09518,-81.11407,106,1
Chatham Area Transit,32.08787,-81.11624,106,1
Chatham Area Transit,32.03144,-81.08886,295,1
Chatham Area Transit,32.00005,-81.10469,59,1
Chatham Area Transit,32.0006,-81.10548,74,1
Chatham Area Transit,32.06315,-81.08011,79,1
Chatham Area Transit,32.06194,-81.0805,74,1
Chatham Area Transit,32.0602,-81.08109,137,1
Chatham Area Transit,32.05907,-81.0815,137,1
Chatham Area Transit,32.05819,-81.08177,137,1
Chatham Area Transit,32.05703,-81.08222,137,1
Chatham Area Transit,32.05441,-81.08313,137,1
Chatham Area Transit,32.05286,-81.08375,142,1
Chatham Area Transit,32.05024,-81.08462,120,1
Chatham Area Transit,32.04863,-81.08515,124,1
Chatham Area Transit,32.04672,-81.08584,124,1
Chatham Area Transit,32.04532,-81.08634,124,1
Chatham Area Transit,32.04375,-81.0869,124,1
Chatham Area Transit,32.04172,-81.08767,124,1
Chatham Area Transit,32.03942,-81.08893,124,1
Chatham Area Transit,32.03676,-81.09012,50,1
Chatham Area Transit,32.03583,-81.09035,124,1
Chatham Area Transit,32.03287,-81.09147,124,1
Chatham Area Transit,32.0313,-81.092,124,1
Chatham Area Transit,32.02996,-81.0925,124,1
Chatham Area Transit,32.02832,-81.09319,124,1
Chatham Area Transit,32.0263,-81.09398,124,1
Chatham Area Transit,32.02166,-81.09593,109,1
Chatham Area Transit,32.01931,-81.09685,109,1
Chatham Area Transit,32.0152,-81.09809,109,1
Chatham Area Transit,32.01327,-81.09872,109,1
Chatham Area Transit,32.0119,-81.09917,50,1
Chatham Area Transit,32.0091,-81.10012,59,1
Chatham Area Transit,32.00714,-81.10085,122,1
Chatham Area Transit,32.00113,-81.10763,59,1
Chatham Area Transit,32.00171,-81.11069,59,1
Chatham Area Transit,32.00183,-81.11097,74,1
Chatham Area Transit,32.00102,-81.10729,74,1
Chatham Area Transit,32.00585,-81.10116,204,1
Chatham Area Transit,32.00744,-81.10061,204,1
Chatham Area Transit,32.00919,-81.10004,137,1
Chatham Area Transit,32.01093,-81.09946,137,1
Chatham Area Transit,32.013,-81.09878,137,1
Chatham Area Transit,32.01457,-81.09824,137,1
Chatham Area Transit,32.01944,-81.0964,123,1
Chatham Area Transit,32.02157,-81.0956,137,1
Chatham Area Transit,32.02525,-81.09433,63,1
Chatham Area Transit,32.02812,-81.09324,137,1
Chatham Area Transit,32.0296,-81.09259,137,1
Chatham Area Transit,32.03105,-81.09201,137,1
Chatham Area Transit,32.03285,-81.09143,157,1
Chatham Area Transit,32.03469,-81.09072,157,1
Chatham Area Transit,32.03723,-81.08984,157,1
Chatham Area Transit,32.03915,-81.08901,157,1
Chatham Area Transit,32.04011,-81.08851,157,1
Chatham Area Transit,32.04353,-81.08694,157,1
Chatham Area Transit,32.0449,-81.08644,157,1
Chatham Area Transit,32.04662,-81.08583,157,1
Chatham Area Transit,32.04897,-81.085,157,1
Chatham Area Transit,32.05078,-81.08439,157,1
Chatham Area Transit,32.05435,-81.08312,157,1
Chatham Area Transit,32.05672,-81.08228,157,1
Chatham Area Transit,32.05792,-81.08183,157,1
Chatham Area Transit,32.05875,-81.08157,157,1
Chatham Area Transit,32.06018,-81.08105,157,1
Chatham Area Transit,32.06293,-81.08007,157,1
Chatham Area Transit,32.01122,-81.09942,109,1
Chatham Area Transit,32.00361,-81.11291,59,1
Chatham Area Transit,32.06345,-81.08169,69,1
Chatham Area Transit,32.06317,-81.08076,63,1
Chatham Area Transit,32.07522,-81.08756,358,1
Chatham Area Transit,32.0734,-81.08821,63,1
Chatham Area Transit,32.07222,-81.08866,63,1
Chatham Area Transit,32.06578,-81.09075,63,1
Chatham Area Transit,32.06544,-81.08942,63,1
Chatham Area Transit,32.06466,-81.08639,63,1
Chatham Area Transit,32.06397,-81.08393,63,1
Chatham Area Transit,32.063,-81.08009,63,1
Chatham Area Transit,31.99616,-81.11429,63,1
Chatham Area Transit,31.99529,-81.1105,63,1
Chatham Area Transit,31.99483,-81.10866,130,1
Chatham Area Transit,32.06397,-81.08374,69,1
Chatham Area Transit,32.06455,-81.08589,69,1
Chatham Area Transit,31.99256,-81.07771,46,1
Chatham Area Transit,31.99015,-81.07646,46,1
Chatham Area Transit,31.9584,-81.09817,3,1
Chatham Area Transit,32.08034,-81.09188,587,2
Chatham Area Transit,32.00382,-81.09068,46,1
Chatham Area Transit,32.0776,-81.09582,221,1
Chatham Area Transit,32.07936,-81.08167,80,1
Chatham Area Transit,32.07481,-81.09415,41,1
Chatham Area Transit,32.06596,-81.11833,181,1
Chatham Area Transit,32.06539,-81.1187,177,1
Chatham Area Transit,32.05863,-81.16502,1,1
Chatham Area Transit,31.99399,-81.10526,63,1
Chatham Area Transit,32.06172,-81.08047,157,1
Chatham Area Transit,32.00112,-81.10872,74,1
Chatham Area Transit,32.07348,-81.08606,141,1
Chatham Area Transit,32.06445,-81.10586,77,1
Chatham Area Transit,32.06124,-81.15909,104,1
Chatham Area Transit,31.99725,-81.10434,70,1
Chatham Area Transit,32.01122,-81.104,67,1
Chatham Area Transit,31.99527,-81.10508,133,1
Chatham Area Transit,32.04204,-81.1568,117,1
Chatham Area Transit,32.0177,-81.11461,72,1
Chatham Area Transit,32.05516,-81.10653,148,1
Chatham Area Transit,32.05517,-81.10678,145,1
Chatham Area Transit,31.98969,-81.13052,163,1
Chatham Area Transit,32.04724,-81.05786,161,1
Chatham Area Transit,31.99033,-81.20976,136,1
Chatham Area Transit,32.06382,-81.15303,54,1
Chatham Area Transit,32.09318,-81.12301,103,1
Chatham Area Transit,31.99074,-81.09204,81,1
Chatham Area Transit,31.9798,-81.17261,163,1
Chatham Area Transit,32.0692,-81.09438,294,1
Chatham Area Transit,32.07822,-81.08971,175,1
Chatham Area Transit,32.05207,-81.09957,159,1
Chatham Area Transit,32.03501,-81.11907,87,1
Chatham Area Transit,32.07717,-81.13468,99,1
Chatham Area Transit,32.108,-81.14734,89,1
Chatham Area Transit,32.07087,-81.09152,115,1
Chatham Area Transit,32.0018,-81.06352,166,1
Chatham Area Transit,32.05761,-81.09614,12,1
Chatham Area Transit,32.06322,-81.09773,101,1
Chatham Area Transit,32.03658,-81.14739,113,1
Chatham Area Transit,32.04419,-81.11431,114,1
Chatham Area Transit,32.02216,-81.05703,108,1
Chatham Area Transit,32.03984,-81.01977,64,1
Chatham Area Transit,32.02322,-81.06378,86,1
Chatham Area Transit,32.02615,-81.06459,84,1
Chatham Area Transit,32.02364,-81.05754,54,1
Chatham Area Transit,32.0232,-81.05994,54,1
Chatham Area Transit,32.02632,-81.06801,86,1
Chatham Area Transit,32.02352,-81.0609,86,1
Chatham Area Transit,32.02276,-81.05888,54,1
Chatham Area Transit,32.00295,-81.2463,72,1
Chatham Area Transit,31.98486,-81.17664,67,1
Chatham Area Transit,32.03556,-81.15715,113,1
Chatham Area Transit,32.03448,-81.15305,117,1
Chatham Area Transit,31.98017,-81.16943,163,1
Chatham Area Transit,32.07934,-81.10023,2186,4
Chatham Area Transit,32.17647,-81.22729,144,1
Chatham Area Transit,32.06066,-81.06064,82,1
Chatham Area Transit,32.07987,-81.0953,175,1
Chatham Area Transit,32.08282,-81.14676,21,1
Chatham Area Transit,32.14578,-81.24747,73,1
Chatham Area Transit,32.14806,-81.24705,71,1
Chatham Area Transit,32.07748,-81.12892,99,1
Chatham Area Transit,32.17426,-81.2328,71,1
Chatham Area Transit,31.98404,-81.168,228,1
Chatham Area Transit,31.98832,-81.16689,69,1
Chatham Area Transit,31.98474,-81.16781,163,1
Chatham Area Transit,32.01721,-81.11199,163,1
Chatham Area Transit,32.05315,-81.09911,163,1
Chatham Area Transit,32.00181,-81.13764,69,1
Chatham Area Transit,31.97296,-81.24614,67,1
Chatham Area Transit,31.99297,-81.15432,67,1
Chatham Area Transit,32.13608,-81.17365,73,1
Chatham Area Transit,32.16487,-81.19678,73,1
Chatham Area Transit,32.1542,-81.2299,73,1
Chatham Area Transit,32.12029,-81.19185,71,1
Chatham Area Transit,32.06716,-81.10573,77,1
Chatham Area Transit,32.03387,-81.11494,87,1
Chatham Area Transit,32.03346,-81.11349,72,1
Chatham Area Transit,32.008,-81.10613,112,1
Chatham Area Transit,32.00784,-81.10594,130,1
Chatham Area Transit,32.06686,-81.10576,79,1
Chatham Area Transit,32.04973,-81.16595,54,1
Chatham Area Transit,32.0629,-81.15982,54,1
Chatham Area Transit,32.07188,-81.11454,94,1
Chatham Area Transit,32.16206,-81.23255,73,1
Chatham Area Transit,32.0284,-81.07099,10,1
Chatham Area Transit,32.0311,-81.07236,10,1
Chatham Area Transit,32.03285,-81.07628,10,1
Chatham Area Transit,32.03357,-81.07915,10,1
Chatham Area Transit,32.02394,-81.06502,86,1
Chatham Area Transit,32.02561,-81.0617,116,1
Chatham Area Transit,32.08182,-81.14055,21,1
Chatham Area Transit,32.03527,-81.14801,117,1
Chatham Area Transit,31.98628,-81.1746,69,1
Chatham Area Transit,32.02554,-81.06529,86,1
Chatham Area Transit,32.0741,-81.09096,295,1
Chatham Area Transit,32.0649,-81.09748,294,1
Chatham Area Transit,32.0756,-81.09905,41,1
Chatham Area Transit,32.0809,-81.09409,41,1
Chatham Area Transit,32.08162,-81.09565,41,1
Chatham Area Transit,32.08175,-81.09048,328,1
Chatham Area Transit,32.08333,-81.08613,164,1
Chatham Area Transit,32.16199,-81.23272,71,1
Chatham Area Transit,32.01383,-81.0617,32,1
Chatham Area Transit,32.07974,-81.08963,41,1
Chatham Area Transit,32.07562,-81.09672,295,1
Chatham Area Transit,32.07657,-81.0986,588,2
Chatham Area Transit,32.06862,-81.09701,293,1
Chatham Area Transit,32.06673,-81.09531,294,1
Chatham Area Transit,32.07454,-81.09233,294,1
Chatham Area Transit,32.07642,-81.09165,294,1
Chatham Area Transit,32.07938,-81.09302,293,1
Chatham Area Transit,32.07853,-81.09085,294,1
Chatham Area Transit,32.08003,-81.09738,293,1
Chatham Area Transit,32.08036,-81.09446,293,1
Chatham Area Transit,32.07953,-81.09131,293,1
Chatham Area Transit,32.07878,-81.0885,293,1
Chatham Area Transit,32.07678,-81.08697,293,1
Chatham Area Transit,32.07348,-81.08821,295,1
Chatham Area Transit,32.07496,-81.09419,295,1
Chatham Area Transit,32.05728,-81.09726,16,1
Chatham Area Transit,32.05758,-81.09614,8,1
Chatham Area Transit,32.06613,-81.09271,16,1
